نام خودرو,وضعیت,سال,قیمت (تومان),قیمت عددی
لکسوس LX570,کارکرده,نامشخص,"23,900,000,000",23900000000
مازراتی گیبلی,کارکرده,نامشخص,"20,100,000,000",20100000000
بی ام و سری ۷ مدل ۲۰۱۶-۲۰۱۸,صفر کیلومتر,2017,"18,500,000,000",18500000000
بی ام و i8,صفر کیلومتر,2015,"17,900,000,000",17900000000
مازراتی کواتروپورت مدل ۲۰۱۴-۲۰۱۵,کارکرده,نامشخص,"17,600,000,000",17600000000
بنز E کلاس مدل ۲۰۱۶-۲۰۱۸,صفر کیلومتر,2018,"15,490,000,000",15490000000
لکسوس RX مدل ۲۰۱۷-۲۰۱۸,صفر کیلومتر,2018,"15,000,000,000",15000000000
مازراتی گرن کبریو,کارکرده,نامشخص,"14,620,000,000",14620000000
مازراتی گرن توریسمو,کارکرده,نامشخص,"14,320,000,000",14320000000
بنز S کلاس مدل ۲۰۱۴,کارکرده,نامشخص,"13,920,000,000",13920000000
مازراتی کواتروپورت مدل ۲۰۱۰-۲۰۱۳,کارکرده,نامشخص,"13,120,000,000",13120000000
بی ام و X4,صفر کیلومتر,2016,"13,000,000,000",13000000000
بنز SL مدل ۲۰۱۲-۲۰۱۳,کارکرده,نامشخص,"12,920,000,000",12920000000
پورشه ۹۱۱ مدل ۲۰۱۲-۲۰۱۴,کارکرده,نامشخص,"11,620,000,000",11620000000
پورشه ماکان,کارکرده,نامشخص,"11,120,000,000",11120000000
بی ام و سری ۵ مدل ۲۰۱۷-۲۰۱۸,صفر کیلومتر,2017,"10,920,000,000",10920000000
پورشه باکستر مدل ۲۰۱۷,کارکرده,نامشخص,"10,920,000,000",10920000000
بنز CLA,کارکرده,نامشخص,"9,450,000,000",9450000000
تویوتا لندکروز مدل ۲۰۰۸-۲۰۱۳,کارکرده,نامشخص,"9,200,000,000",9200000000
آلفارومئو ۴C,کارکرده,نامشخص,"8,650,000,000",8650000000
بی ام و X1 مدل ۲۰۱۶-۲۰۱۷,صفر کیلومتر,2016,"8,550,000,000",8550000000
بی ام و ix1,صفر کیلومتر,2025,"8,500,000,000",8500000000
فولکس تیگوان,صفر کیلومتر,2018,"8,500,000,000",8500000000
بنز CLS مدل ۲۰۱۱-۲۰۱۳,کارکرده,نامشخص,"8,450,000,000",8450000000
تویوتا پرادو ۴ در مدل ۲۰۱۰-۲۰۱۳,کارکرده,نامشخص,"8,400,000,000",8400000000
پورشه پانامرا مدل ۲۰۱۰-۲۰۱۳,کارکرده,نامشخص,"8,250,000,000",8250000000
هیوندای آزرا مدل ۲۰۱۸-۲۰۱۹,صفر کیلومتر,2019,"8,000,000,000",8000000000
تویوتا راوفور مدل ۲۰۱۶-۲۰۱۸,صفر کیلومتر,2018,"8,000,000,000",8000000000
ولوو XC90,کارکرده,نامشخص,"7,850,000,000",7850000000
بنز C کلاس مدل ۲۰۱۵-۲۰۱۷,کارکرده,نامشخص,"7,750,000,000",7750000000
بنز E کلاس کروک مدل ۲۰۱۳-۲۰۱۴,کارکرده,نامشخص,"7,700,000,000",7700000000
پورشه کاین مدل ۲۰۱۱-۲۰۱۳,کارکرده,نامشخص,"7,650,000,000",7650000000
لکسوس NX,صفر کیلومتر,2017,"7,500,000,000",7500000000
بنز S کلاس مدل ۲۰۰۹-۲۰۱۳,کارکرده,نامشخص,"7,420,000,000",7420000000
بی ام و X5 مدل ۲۰۱۲-۲۰۱۳,کارکرده,نامشخص,"7,370,000,000",7370000000
بنز E کلاس کوپه,کارکرده,نامشخص,"7,370,000,000",7370000000
بنز E کلاس کروک مدل ۲۰۰۹-۲۰۱۲,کارکرده,نامشخص,"7,370,000,000",7370000000
تویوتا اف جی کروزر,کارکرده,نامشخص,"7,270,000,000",7270000000
لکسوس NX هیبرید,صفر کیلومتر,2017,"7,200,000,000",7200000000
پیکاپ موسو گرند خان,صفر کیلومتر,نامشخص,"7,200,000,000",7200000000
آواتر ۱۱,صفر کیلومتر,2025,"7,170,000,000",7170000000
بی ام و سری ۶ گرن کوپه مدل ۲۰۱۲-۲۰۱۴,کارکرده,نامشخص,"6,970,000,000",6970000000
سانگ یانگ رکستون مونتاژ,صفر کیلومتر,1400,"6,900,000,000",6900000000
لوتوس الیزه S,کارکرده,نامشخص,"6,870,000,000",6870000000
فولکس واگن پاسات,صفر کیلومتر,2018,"6,800,000,000",6800000000
بنز GLA,کارکرده,نامشخص,"6,770,000,000",6770000000
فولکس واگن Golf GTI,صفر کیلومتر,2018,"6,500,000,000",6500000000
بی ام و سری ۳ سدان ۲۰۱۳-۲۰۱۸,صفر کیلومتر,2018,"6,400,000,000",6400000000
بنز E کلاس مدل ۲۰۱۴-۲۰۱۶,کارکرده,نامشخص,"6,170,000,000",6170000000
وویا فری,صفر کیلومتر,نامشخص,"6,100,000,000",6100000000
پورشه باکستر مدل ۲۰۱۰-۲۰۱۲,کارکرده,نامشخص,"6,070,000,000",6070000000
تویوتا پرادو ۲ در مدل ۲۰۱۲-۲۰۱۳,کارکرده,نامشخص,"6,020,000,000",6020000000
تویوتا فورچونر مدل ۲۰۱۲-۲۰۱۳,کارکرده,نامشخص,"5,920,000,000",5920000000
تویوتا لندکروز مدل ۲۰۰۷-۲۰۰۵,کارکرده,نامشخص,"5,870,000,000",5870000000
بنز GLK,کارکرده,نامشخص,"5,870,000,000",5870000000
تانک ۳۰۰,صفر کیلومتر,2024,"5,850,000,000",5850000000
تویوتا هایلوکس مدل ۲۰۱۶,کارکرده,نامشخص,"5,840,000,000",5840000000
بی ام و سری ۴ گرن کوپه,کارکرده,نامشخص,"5,770,000,000",5770000000
میتسوبیشی اوتلندر پلاگین هیبرید,صفر کیلومتر,2018,"5,750,000,000",5750000000
میتسوبیشی اوتلندر ۲۰۲۳,صفر کیلومتر,نامشخص,"5,610,000,000",5610000000
بنز SL مدل ۲۰۰۸-۲۰۱۰,کارکرده,نامشخص,"5,570,000,000",5570000000
هیوندای سانتافه مدل ۲۰۱۳-۲۰۱۸,صفر کیلومتر,2018,"5,500,000,000",5500000000
کیا سورنتو مدل ۲۰۱۵-۲۰۱۸,صفر کیلومتر,2018,"5,500,000,000",5500000000
بنز SLK مدل ۲۰۱۲,کارکرده,نامشخص,"5,470,000,000",5470000000
میتسوبیشی اوتلندر مدل ۲۰۱۶-۲۰۱۸,صفر کیلومتر,2018,"5,450,000,000",5450000000
بنز S کلاس مدل ۲۰۰۶-۲۰۰۸,کارکرده,نامشخص,"5,420,000,000",5420000000
کیا اسپورتیج توربو ۲۰۲۴,صفر کیلومتر,نامشخص,"5,400,000,000",5400000000
بی ام و X6 مدل ۲۰۱۰-۲۰۱۳,کارکرده,نامشخص,"5,370,000,000",5370000000
نیسان ایکس تریل مدل ۲۰۱۶-۲۰۱۸,صفر کیلومتر,2018,"5,300,000,000",5300000000
DS7,کارکرده,نامشخص,"5,250,000,000",5250000000
اکستریم VX,صفر کیلومتر,نامشخص,"5,250,000,000",5250000000
بنز CL,کارکرده,نامشخص,"5,170,000,000",5170000000
لکسوس LS,کارکرده,نامشخص,"5,070,000,000",5070000000
پورشه کیمن S مدل ۲۰۱۰-۲۰۱۱,کارکرده,نامشخص,"5,070,000,000",5070000000
تویوتا CHR,صفر کیلومتر,نامشخص,"5,000,000,000",5000000000
بی ام و سری ۴ کوپه و کروک,کارکرده,نامشخص,"4,975,000,000",4975000000
مینی کوپر مدل ۲۰۱۲-۲۰۱۳,کارکرده,نامشخص,"4,975,000,000",4975000000
هیوندای سوناتا هیبرید نیوفیس,صفر کیلومتر,نامشخص,"4,890,000,000",4890000000
بی ام و سری ۳ GT,کارکرده,نامشخص,"4,875,000,000",4875000000
بی ام و X3 مدل ۲۰۱۵-۲۰۱۷,صفر کیلومتر,2017,"4,875,000,000",4875000000
آئودی Q5,کارکرده,نامشخص,"4,825,000,000",4825000000
فولکس واگن ID.UNYX,صفر کیلومتر,2024,"4,800,000,000",4800000000
لکسوس ES مدل ۲۰۱۳-۲۰۱۵,کارکرده,نامشخص,"4,775,000,000",4775000000
رنو کولیوس مدل ۲۰۱۶-۲۰۱۸,صفر کیلومتر,2018,"4,700,000,000",4700000000
نیسان ترا,صفر کیلومتر,1403,"4,700,000,000",4700000000
پورشه کاین مدل ۲۰۰۹-۲۰۱۰,کارکرده,نامشخص,"4,675,000,000",4675000000
مزدا CX-30,صفر کیلومتر,2024,"4,635,000,000",4635000000
میتسوبیشی اوتلندر,صفر کیلومتر,2018,"4,600,000,000",4600000000
لکسوس RX مدل ۲۰۱۰-۲۰۱۳,کارکرده,نامشخص,"4,575,000,000",4575000000
هیوندای توسان ۲۰۲۳,صفر کیلومتر,2023,"4,550,000,000",4550000000
آئودی Q5 ای ترون,صفر کیلومتر,نامشخص,"4,490,000,000",4490000000
لکسوس GS مدل ۲۰۱۴-۲۰۱۵,کارکرده,نامشخص,"4,475,000,000",4475000000
رنو تالیسمان,صفر کیلومتر,2018,"4,400,000,000",4400000000
سانگ یانگ رکستون G4,کارکرده,نامشخص,"4,375,000,000",4375000000
کیا اپتیما مدل ۲۰۲۳,صفر کیلومتر,نامشخص,"4,300,000,000",4300000000
بنز E کلاس مدل ۲۰۰۹-۲۰۱۳,کارکرده,نامشخص,"4,275,000,000",4275000000
فولکس واگن تی راک ۲۰۲۴,صفر کیلومتر,2024,"4,220,000,000",4220000000
کیا اپتیما هیبرید مدل ۲۰۱۸,صفر کیلومتر,2018,"4,200,000,000",4200000000
کیا اپتیما مدل ۲۰۱۶-۲۰۱۷,صفر کیلومتر,2017,"4,200,000,000",4200000000
لکسوس GS مدل ۲۰۰۸-۲۰۱۰,کارکرده,نامشخص,"4,175,000,000",4175000000
بی وای دی سانگ پلاس,صفر کیلومتر,نامشخص,"4,170,000,000",4170000000
لوکانو ۸,صفر کیلومتر,نامشخص,"4,170,000,000",4170000000
تویوتا پرادو ۴ در مدل ۲۰۰۵-۲۰۱۰,کارکرده,نامشخص,"4,125,000,000",4125000000
نیسان قشقایی آنر,صفر کیلومتر,نامشخص,"4,100,000,000",4100000000
مینی کانتریمن,کارکرده,2018,"4,100,000,000",4100000000
لکسوس IS مدل ۲۰۱۴-۲۰۱۵,کارکرده,نامشخص,"4,075,000,000",4075000000
بنز C کلاس مدل ۲۰۱۲-۲۰۱۴,کارکرده,نامشخص,"4,075,000,000",4075000000
اکستریم TXL,صفر کیلومتر,نامشخص,"4,070,000,000",4070000000
تویوتا کمری مدل ۲۰۱۵,کارکرده,نامشخص,"4,055,000,000",4055000000
هاوال H9,کارکرده,نامشخص,"4,045,000,000",4045000000
تویوتا کرولا کراس,صفر کیلومتر,نامشخص,"4,010,000,000",4010000000
بی ام و سری ۵ مدل ۲۰۱۱-۲۰۱۶,کارکرده,نامشخص,"3,980,000,000",3980000000
بی ام و سری ۲ اکتیو تورر,کارکرده,نامشخص,"3,880,000,000",3880000000
بی ام و X3 مدل ۲۰۱۱-۲۰۱۷,کارکرده,نامشخص,"3,880,000,000",3880000000
مزدا ۳ ۲۰۲۵,صفر کیلومتر,2025,"3,850,000,000",3850000000
مکسوس استار H,صفر کیلومتر,نامشخص,"3,800,000,000",3800000000
هیوندای سنتنیال,کارکرده,نامشخص,"3,780,000,000",3780000000
بی ام و سری ۷ مدل ۲۰۰۸-۲۰۱۱,کارکرده,نامشخص,"3,780,000,000",3780000000
کیا کادنزا مدل ۲۰۱۴,کارکرده,نامشخص,"3,780,000,000",3780000000
هیوندای سوناتا LF هیبریدی,صفر کیلومتر,نامشخص,"3,762,000,000",3762000000
هیوندای توسان مدل ۲۰۱۶-۲۰۱۸,صفر کیلومتر,2018,"3,750,000,000",3750000000
فولکس واگن بیتل کروک مدل ۲۰۱۳,کارکرده,نامشخص,"3,730,000,000",3730000000
بنز ML,کارکرده,نامشخص,"3,680,000,000",3680000000
بی ام و سری ۲ کوپه,کارکرده,نامشخص,"3,680,000,000",3680000000
تویوتا اریون مدل ۲۰۱۲-۲۰۱۳,کارکرده,نامشخص,"3,680,000,000",3680000000
کیا سراتو GT لاین,صفر کیلومتر,نامشخص,"3,660,000,000",3660000000
تویوتا کمری هیبریدی مدل ۲۰۱۵-۲۰۱۶,کارکرده,نامشخص,"3,530,000,000",3530000000
هیوندای کونا,صفر کیلومتر,نامشخص,"3,525,000,000",3525000000
نیسان قشقایی ۲۰۲۳,صفر کیلومتر,2023,"3,500,000,000",3500000000
بی ام و Z4,کارکرده,نامشخص,"3,480,000,000",3480000000
هیوندای النترا مدل ۲۰۱۷-۲۰۱۸,صفر کیلومتر,1397,"3,470,000,000",3470000000
تیگو ۸ پرو هیبرید,صفر کیلومتر,نامشخص,"3,420,000,000",3420000000
کیا سلتوس,صفر کیلومتر,2023,"3,400,000,000",3400000000
کیا اسپورتیج مدل ۲۰۱۷-۲۰۱۸,صفر کیلومتر,2018,"3,380,000,000",3380000000
هوندا وزل,صفر کیلومتر,نامشخص,"3,350,000,000",3350000000
میتسوبیشی پاجرو ۴ در,کارکرده,نامشخص,"3,330,000,000",3330000000
کیا سراتو مدل ۲۰۱۷-۲۰۱۸,صفر کیلومتر,2018,"3,300,000,000",3300000000
هونگچی H5,صفر کیلومتر,نامشخص,"3,300,000,000",3300000000
هیوندای النترا مونتاژ,صفر کیلومتر,نامشخص,"3,300,000,000",3300000000
رنو آرکانا,صفر کیلومتر,نامشخص,"3,270,000,000",3270000000
فیدلیتی پرستیژ,صفر کیلومتر,نامشخص,"3,250,000,000",3250000000
فونیکس تیگو ۸ پرومکس,صفر کیلومتر,نامشخص,"3,202,000,000",3202000000
اشکودا سوپرب,صفر کیلومتر,2024,"3,200,000,000",3200000000
پژو ۵۰۸,صفر کیلومتر,2017,"3,200,000,000",3200000000
فولکس واگن ID.4,صفر کیلومتر,2024,"3,200,000,000",3200000000
فیات ۵۰۰,صفر کیلومتر,نامشخص,"3,200,000,000",3200000000
نیسان سیلفی پلاگین هایبرید,صفر کیلومتر,نامشخص,"3,200,000,000",3200000000
آریزو ۸,صفر کیلومتر,1403,"3,110,000,000",3110000000
میتسوبیشی لنسر مدل ۲۰۱۴-۲۰۱۸,صفر کیلومتر,2018,"3,084,000,000",3084000000
بنز CLS مدل ۲۰۰۶-۲۰۱۰,کارکرده,نامشخص,"3,080,000,000",3080000000
فونیکس تیگو ۸ پرو,صفر کیلومتر,نامشخص,"3,073,000,000",3073000000
سوزوکی گرند ویتارا هیبرید,صفر کیلومتر,2024,"3,070,000,000",3070000000
کی ام سی T9,صفر کیلومتر,نامشخص,"3,070,000,000",3070000000
سانگ‌ یانگ کوراندو ۲۰۲۳,صفر کیلومتر,نامشخص,"3,050,000,000",3050000000
پیکاپ G9,صفر کیلومتر,نامشخص,"3,020,000,000",3020000000
تویوتا هایلوکس مدل ۲۰۱۲-۲۰۱۵,کارکرده,نامشخص,"3,000,000,000",3000000000
گک امکو,صفر کیلومتر,نامشخص,"3,000,000,000",3000000000
میتسوبیشی ASX مدل ۲۰۱۷-۲۰۱۸,صفر کیلومتر,2018,"3,000,000,000",3000000000
کیا سراتو سایپا ۲ لیتری (آپشنال و ساده),صفر کیلومتر,نامشخص,"3,000,000,000",3000000000
اکستریم LX,صفر کیلومتر,نامشخص,"2,990,000,000",2990000000
هوندا CRV,کارکرده,نامشخص,"2,985,000,000",2985000000
هوندا آکورد مدل ۲۰۱۶-۲۰۱۷,کارکرده,نامشخص,"2,985,000,000",2985000000
تویوتا پرادو ۲ در مدل ۲۰۰۵-۲۰۰۹,کارکرده,نامشخص,"2,985,000,000",2985000000
مزدا ۳ نیو,صفر کیلومتر,نامشخص,"2,982,000,000",2982000000
گک امپو,صفر کیلومتر,نامشخص,"2,950,000,000",2950000000
ولوو C70,کارکرده,نامشخص,"2,935,000,000",2935000000
لوکانو L7,صفر کیلومتر,نامشخص,"2,930,000,000",2930000000
هاوال H6 مدل ۲۰۲۴,صفر کیلومتر,نامشخص,"2,890,000,000",2890000000
هیوندای کرتا,صفر کیلومتر,نامشخص,"2,890,000,000",2890000000
تویوتا راوفور مدل ۲۰۱۳-۲۰۱۵,کارکرده,نامشخص,"2,885,000,000",2885000000
فونیکس تیگو ۷ پرو هیبرید,صفر کیلومتر,نامشخص,"2,850,000,000",2850000000
سوزوکی جیمنی,صفر کیلومتر,2024,"2,850,000,000",2850000000
کامیون بنز ۱۹۲۴ شاسی باری و کمپرسی,صفر کیلومتر,1357,"2,850,000,000",2850000000
بنز E کلاس مونتاژ,کارکرده,نامشخص,"2,835,000,000",2835000000
فوتون تونلند اتوماتیک G7,صفر کیلومتر,نامشخص,"2,800,000,000",2800000000
گک امزوم GS3,صفر کیلومتر,نامشخص,"2,790,000,000",2790000000
هوندا آکورد مدل ۲۰۱۵,کارکرده,نامشخص,"2,785,000,000",2785000000
لکسوس ES مدل ۲۰۰۸-۲۰۱۲,کارکرده,نامشخص,"2,785,000,000",2785000000
بی ام و سری ۱ هاچبک مدل ۲۰۱۸-۲۰۱۷,کارکرده,نامشخص,"2,785,000,000",2785000000
کیا سراتو مونتاژ,صفر کیلومتر,2000,"2,750,000,000",2750000000
دیگنیتی پرستیژ,صفر کیلومتر,نامشخص,"2,750,000,000",2750000000
کیا موهاوی,کارکرده,نامشخص,"2,735,000,000",2735000000
فولکس واگن بیتل کوپه مدل ۲۰۱۲-۲۰۱۴,کارکرده,نامشخص,"2,735,000,000",2735000000
پژو ۲۰۰۸,صفر کیلومتر,نامشخص,"2,706,000,000",2706000000
تویوتا هایلوکس مدل ۲۰۰۸-۲۰۱۵,کارکرده,نامشخص,"2,705,000,000",2705000000
چانگان CS55 پلاس,صفر کیلومتر,نامشخص,"2,705,000,000",2705000000
فونیکس تیگو ۷ پرو مکس,صفر کیلومتر,1403,"2,700,000,000",2700000000
نیسان جوک,صفر کیلومتر,2017,"2,700,000,000",2700000000
بنز CLK,کارکرده,نامشخص,"2,685,000,000",2685000000
بنز C کلاس مدل ۲۰۰۸-۲۰۱۴,کارکرده,نامشخص,"2,685,000,000",2685000000
میتسوبیشی پاجرو ۲ در,کارکرده,نامشخص,"2,685,000,000",2685000000
بی ام و سری ۷ مدل ۲۰۰۵-۲۰۰۸,کارکرده,نامشخص,"2,685,000,000",2685000000
هیوندای النترا مدل ۲۰۲۳,صفر کیلومتر,نامشخص,"2,650,000,000",2650000000
نیسان کیکس,صفر کیلومتر,2023,"2,650,000,000",2650000000
هیوندای سوناتا LF  مدل ۲۰۱۵-۲۰۱۷,کارکرده,نامشخص,"2,635,000,000",2635000000
لکسوس ES350 مدل ۲۰۱۳,کارکرده,2013,"2,630,000,000",2630000000
تویوتا پریوس,صفر کیلومتر,نامشخص,"2,600,000,000",2600000000
تویوتا لوین,صفر کیلومتر,2024,"2,600,000,000",2600000000
فولکس واگن جتا VS7,صفر کیلومتر,نامشخص,"2,600,000,000",2600000000
کیا سونت,صفر کیلومتر,نامشخص,"2,600,000,000",2600000000
ولوو XC60,کارکرده,نامشخص,"2,585,000,000",2585000000
هیوندای وراکروز IX55,کارکرده,نامشخص,"2,585,000,000",2585000000
بی ام و X3 مدل ۲۰۱۱-۲۰۱۴,کارکرده,نامشخص,"2,585,000,000",2585000000
سیتروئن C3,صفر کیلومتر,نامشخص,"2,570,000,000",2570000000
هوندا سیتی ۲۰۲۳,صفر کیلومتر,2023,"2,550,000,000",2550000000
فونیکس تیگو ۷ پرو,صفر کیلومتر,نامشخص,"2,550,000,000",2550000000
تویوتا کرولا مدل ۲۰۲۲-۲۰۲۳,صفر کیلومتر,نامشخص,"2,550,000,000",2550000000
بنز C کلاس مدل ۲۰۰۸-۲۰۱۱,کارکرده,نامشخص,"2,535,000,000",2535000000
تویوتا کمری مدل ۲۰۱۲-۲۰۱۵,کارکرده,نامشخص,"2,535,000,000",2535000000
سانگ یانگ تیوولی توربو,صفر کیلومتر,1400,"2,521,000,000",2521000000
سوزوکی فرانکس,صفر کیلومتر,2024,"2,510,000,000",2510000000
سانگ یانگ نیو کوراندو,صفر کیلومتر,نامشخص,"2,500,000,000",2500000000
تویوتا هایس,کارکرده,نامشخص,"2,485,000,000",2485000000
هیوندای آزرا مدل ۲۰۱۲-۲۰۱۳,کارکرده,نامشخص,"2,485,000,000",2485000000
هوندا ENS1,صفر کیلومتر,نامشخص,"2,480,000,000",2480000000
تویوتا GT86,کارکرده,نامشخص,"2,455,000,000",2455000000
هایما ۸S,صفر کیلومتر,نامشخص,"2,450,000,000",2450000000
تویوتا اریون مدل ۲۰۰۹-۲۰۱۱,کارکرده,نامشخص,"2,435,000,000",2435000000
پیکاپ تاگا H,صفر کیلومتر,نامشخص,"2,431,000,000",2431000000
اسکای ول ET5,صفر کیلومتر,نامشخص,"2,420,000,000",2420000000
سانگ یانگ تیوولی مونتاژ,صفر کیلومتر,نامشخص,"2,420,000,000",2420000000
کیا کارنز مدل ۲۰۱۶-۲۰۱۸,کارکرده,نامشخص,"2,395,000,000",2395000000
کیا کادنزا,کارکرده,نامشخص,"2,385,000,000",2385000000
لکسوس is مدل ۲۰۰۹-۲۰۱۲,کارکرده,نامشخص,"2,385,000,000",2385000000
لکسوس CT200h,کارکرده,نامشخص,"2,385,000,000",2385000000
لکسوس IS کروک,کارکرده,نامشخص,"2,385,000,000",2385000000
ام جی GT 2023,صفر کیلومتر,2023,"2,380,000,000",2380000000
تویوتا راوفور مدل ۲۰۰۹-۲۰۱۲,کارکرده,نامشخص,"2,375,000,000",2375000000
لاماری ایما,صفر کیلومتر,نامشخص,"2,370,000,000",2370000000
DS6,کارکرده,نامشخص,"2,355,000,000",2355000000
هیوندای اکسنت مدل ۲۰۲۳,صفر کیلومتر,نامشخص,"2,350,000,000",2350000000
ونوسیا D60 PLUS,صفر کیلومتر,نامشخص,"2,350,000,000",2350000000
میتسوبیشی اوتلندر مدل ۲۰۱۴-۲۰۱۵,کارکرده,نامشخص,"2,335,000,000",2335000000
آئودی TT,کارکرده,نامشخص,"2,335,000,000",2335000000
سانگ یانگ تیوولی,صفر کیلومتر,2018,"2,323,000,000",2323000000
تیارا پرایم,صفر کیلومتر,1403,"2,300,000,000",2300000000
فولکس واگن جتا VS5,صفر کیلومتر,نامشخص,"2,300,000,000",2300000000
هیوندای i40 استیشن,کارکرده,نامشخص,"2,285,000,000",2285000000
فونیکس آریزو ۶ جی‌ تی,صفر کیلومتر,1403,"2,260,000,000",2260000000
جیلی آزکارا,صفر کیلومتر,نامشخص,"2,250,000,000",2250000000
کیا سورنتو مدل ۲۰۱۰-۲۰۱۳,کارکرده,نامشخص,"2,235,000,000",2235000000
سوبا M4,صفر کیلومتر,1402,"2,200,000,000",2200000000
فونیکس FX,صفر کیلومتر,1401,"2,188,000,000",2188000000
هیوندای i40,کارکرده,نامشخص,"2,185,000,000",2185000000
لکسوس RX مدل ۲۰۰۸-۲۰۰۹,کارکرده,نامشخص,"2,185,000,000",2185000000
ولوو V40,کارکرده,نامشخص,"2,185,000,000",2185000000
کیا کادنزا مدل ۲۰۱۱-۲۰۱۳,کارکرده,نامشخص,"2,185,000,000",2185000000
بی ام و X1 مدل ۲۰۱۳-۲۰۱۵,کارکرده,2013,"2,185,000,000",2185000000
هوندا آکورد ۲۰۱۳-۲۰۱۶,کارکرده,نامشخص,"2,185,000,000",2185000000
هوندا آکورد مدل ۲۰۱۳-۲۰۱۴,کارکرده,نامشخص,"2,185,000,000",2185000000
کی ام سی T8,صفر کیلومتر,نامشخص,"2,160,000,000",2160000000
رنو اسکالا کروک,کارکرده,نامشخص,"2,135,000,000",2135000000
کیا اپتیما مدل ۲۰۱۲-۲۰۱۶,کارکرده,نامشخص,"2,135,000,000",2135000000
رنو اسکالا کروک مدل ۲۰۱۵-۲۰۱۶,کارکرده,2013,"2,135,000,000",2135000000
سانگ یانگ کوراندو ۲۰۱۸,کارکرده,نامشخص,"2,135,000,000",2135000000
سانگ یانگ رکستون مدل ۲۰۱۳,کارکرده,نامشخص,"2,135,000,000",2135000000
هیوندای اکسنت مونتاژ,صفر کیلومتر,نامشخص,"2,115,000,000",2115000000
ونوسیا V-Online,صفر کیلومتر,نامشخص,"2,100,000,000",2100000000
فیدلیتی,صفر کیلومتر,نامشخص,"2,100,000,000",2100000000
چانگان CS35 پلاس,صفر کیلومتر,2023,"2,095,000,000",2095000000
بی ام و سری ۱ کوپه,کارکرده,نامشخص,"2,085,000,000",2085000000
هایما S7 پرو,صفر کیلومتر,1403,"2,080,000,000",2080000000
هایما ۷X,صفر کیلومتر,نامشخص,"2,077,000,000",2077000000
کی ام سی K7,صفر کیلومتر,نامشخص,"2,066,000,000",2066000000
DS5 LS,کارکرده,نامشخص,"2,055,000,000",2055000000
دیگنیتی,صفر کیلومتر,نامشخص,"2,040,000,000",2040000000
دیگنیتی پرایم,صفر کیلومتر,نامشخص,"2,040,000,000",2040000000
هایما S7 توربو پلاس سفارشی,صفر کیلومتر,نامشخص,"2,038,000,000",2038000000
کیا اپتیما مدل ۲۰۱۴-۲۰۱۶,کارکرده,نامشخص,"2,035,000,000",2035000000
فوتون تونلند نیوفیس,صفر کیلومتر,نامشخص,"2,028,000,000",2028000000
کی ام سی X5,صفر کیلومتر,نامشخص,"2,020,000,000",2020000000
هایما S7 توربو پلاس,صفر کیلومتر,نامشخص,"2,013,000,000",2013000000
کی ام سی J7,صفر کیلومتر,نامشخص,"2,010,000,000",2010000000
تیارا مکث موتور,صفر کیلومتر,1402,"2,000,000,000",2000000000
تویوتا کرولا مدل ۲۰۱۴-۲۰۱۶,کارکرده,نامشخص,"1,995,000,000",1995000000
رنو لتیتود,کارکرده,نامشخص,"1,990,000,000",1990000000
بی ام و سری ۳ کوپه مدل ۲۰۰۷-۲۰۱۲,کارکرده,نامشخص,"1,990,000,000",1990000000
بی ام و سری ۶ کوپه,کارکرده,نامشخص,"1,990,000,000",1990000000
هیوندای جنسیس کوپه مدل ۲۰۱۲-۲۰۱۳,کارکرده,نامشخص,"1,990,000,000",1990000000
تویوتا هایلوکس مدل ۲۰۰۸-۲۰۱۱,کارکرده,نامشخص,"1,960,000,000",1960000000
DS5,کارکرده,نامشخص,"1,960,000,000",1960000000
فونیکس آریزو ۶ پرو,صفر کیلومتر,نامشخص,"1,955,000,000",1955000000
دایون Y7,صفر کیلومتر,نامشخص,"1,940,000,000",1940000000
زوتی دامای X7,کارکرده,نامشخص,"1,940,000,000",1940000000
هیوندای جنسیس,کارکرده,نامشخص,"1,940,000,000",1940000000
شاین مکس,صفر کیلومتر,نامشخص,"1,936,000,000",1936000000
بنز E کلاس مدل ۲۰۰۲-۲۰۰۹,کارکرده,نامشخص,"1,920,000,000",1920000000
سوزوکی بالنو,صفر کیلومتر,نامشخص,"1,900,000,000",1900000000
بنز SLK مدل ۲۰۰۵-۲۰۰۷,کارکرده,نامشخص,"1,890,000,000",1890000000
فوتون ساوانا,کارکرده,نامشخص,"1,890,000,000",1890000000
هایما S5 پرو,صفر کیلومتر,1404,"1,890,000,000",1890000000
بی ام و سری ۶ کروک,کارکرده,نامشخص,"1,890,000,000",1890000000
بورگوارد BX7,کارکرده,نامشخص,"1,890,000,000",1890000000
بی ام و سری ۳ کروک مدل ۲۰۰۷-۲۰۱۲,کارکرده,نامشخص,"1,890,000,000",1890000000
ام وی ام X55 پرو,صفر کیلومتر,نامشخص,"1,870,000,000",1870000000
هایما S5 پلاس,صفر کیلومتر,نامشخص,"1,870,000,000",1870000000
کیا پگاس,صفر کیلومتر,2023,"1,860,000,000",1860000000
هوندا سیویک مدل ۲۰۱۳,کارکرده,نامشخص,"1,860,000,000",1860000000
هوندا سیویک,کارکرده,نامشخص,"1,860,000,000",1860000000
هیوندای i20 مونتاژ کرمان موتور,صفر کیلومتر,نامشخص,"1,850,000,000",1850000000
سوزوکی سیاز,صفر کیلومتر,2024,"1,840,000,000",1840000000
سوزوکی ویتارا نیوفیس مونتاژ,کارکرده,نامشخص,"1,840,000,000",1840000000
کی ام سی A5,صفر کیلومتر,نامشخص,"1,830,000,000",1830000000
هایما S7 توربو,صفر کیلومتر,نامشخص,"1,816,000,000",1816000000
آمیکو آسنا توربو دنده ای,صفر کیلومتر,نامشخص,"1,802,000,000",1802000000
کاپرا یو (U),صفر کیلومتر,1404,"1,800,000,000",1800000000
بی ام و سری ۱ کروک,کارکرده,نامشخص,"1,790,000,000",1790000000
ام جی RX5,کارکرده,نامشخص,"1,790,000,000",1790000000
آمیکو آسنا,صفر کیلومتر,نامشخص,"1,780,000,000",1780000000
ام جی ۵,صفر کیلومتر,نامشخص,"1,780,000,000",1780000000
آمیکو آسنا دنده ای,صفر کیلومتر,نامشخص,"1,780,000,000",1780000000
هیوندای سوناتا YF مدل ۲۰۱۱-۲۰۱۵,کارکرده,نامشخص,"1,770,000,000",1770000000
کیا سراتو کوپه مدل ۲۰۱۵-۲۰۱۶,کارکرده,نامشخص,"1,760,000,000",1760000000
فردا T5,صفر کیلومتر,نامشخص,"1,755,000,000",1755000000
SWM G01,صفر کیلومتر,نامشخص,"1,750,000,000",1750000000
بستیون T77 پرو,صفر کیلومتر,نامشخص,"1,750,000,000",1750000000
اس دبلیو ام G01,صفر کیلومتر,1400,"1,750,000,000",1750000000
کیا اسپورتیج مدل ۲۰۱۱-۲۰۱۶,کارکرده,نامشخص,"1,740,000,000",1740000000
ولوو C30,کارکرده,نامشخص,"1,740,000,000",1740000000
رسپکت ۲,صفر کیلومتر,نامشخص,"1,733,000,000",1733000000
جک S5 جدید,صفر کیلومتر,نامشخص,"1,720,000,000",1720000000
میتسوبیشی ASX مدل ۲۰۱۲-۲۰۱۶,کارکرده,2012,"1,700,000,000",1700000000
میتسوبیشی ASX,کارکرده,نامشخص,"1,700,000,000",1700000000
هن تنگ X7,کارکرده,نامشخص,"1,690,000,000",1690000000
هیوندای جنسیس کوپه مدل ۲۰۱۰-۲۰۱۲,کارکرده,نامشخص,"1,690,000,000",1690000000
هیوندای جنسیس کوپه,کارکرده,نامشخص,"1,690,000,000",1690000000
تویوتا سولارا,کارکرده,2007,"1,690,000,000",1690000000
ریرا,صفر کیلومتر,نامشخص,"1,655,000,000",1655000000
جی ام سی s350,صفر کیلومتر,1399,"1,650,000,000",1650000000
هایما S5 CVT,صفر کیلومتر,1400,"1,647,000,000",1647000000
هایما S5,صفر کیلومتر,1400,"1,647,000,000",1647000000
سانگ یانگ رکستون مدل ۲۰۱۰-۲۰۱۳,کارکرده,نامشخص,"1,640,000,000",1640000000
سانگ یانگ رکستون مدل ۲۰۱۰-۲۰۱۲,کارکرده,نامشخص,"1,640,000,000",1640000000
کلوت دنده ای,صفر کیلومتر,نامشخص,"1,640,000,000",1640000000
هیوندای توسان مدل ۲۰۱۱-۲۰۱۵,کارکرده,نامشخص,"1,640,000,000",1640000000
تویوتا یاریس سدان مدل ۲۰۱۴-۲۰۱۶,کارکرده,نامشخص,"1,630,000,000",1630000000
تویوتا یاریس هاچبک مدل ۲۰۱۵-۲۰۱۶,کارکرده,نامشخص,"1,630,000,000",1630000000
رنو ساندرو استپ وی,صفر کیلومتر,نامشخص,"1,620,000,000",1620000000
کامیونت فورس بهمن دیزل,صفر کیلومتر,نامشخص,"1,620,000,000",1620000000
دایون Y5,صفر کیلومتر,نامشخص,"1,610,000,000",1610000000
DS3,کارکرده,نامشخص,"1,610,000,000",1610000000
نیسان سانی,صفر کیلومتر,نامشخص,"1,600,000,000",1600000000
بنز ون ویتو,کارکرده,2007,"1,600,000,000",1600000000
فیات ۵۰۰ مدل ۲۰۱۴-۲۰۱۵,کارکرده,2014,"1,600,000,000",1600000000
نیسان مورانو مدل ۲۰۰۹-۲۰۱۲,کارکرده,نامشخص,"1,590,000,000",1590000000
نیسان تینا وارداتی,کارکرده,نامشخص,"1,590,000,000",1590000000
نیسان تینا مونتاژ,کارکرده,نامشخص,"1,590,000,000",1590000000
کیا سراتو مدل ۲۰۱۳-۲۰۱۶,کارکرده,نامشخص,"1,590,000,000",1590000000
کی ام سی SR3,صفر کیلومتر,1404,"1,570,000,000",1570000000
رسپکت پرایم,صفر کیلومتر,نامشخص,"1,553,000,000",1553000000
رسپکت,صفر کیلومتر,1402,"1,553,000,000",1553000000
یواز پاتریوت,صفر کیلومتر,نامشخص,"1,550,000,000",1550000000
جک S5,صفر کیلومتر,1400,"1,548,000,000",1548000000
بورگوارد BX5,کارکرده,نامشخص,"1,540,000,000",1540000000
هیوندای النترا مدل ۲۰۱۳-۲۰۱۶,کارکرده,نامشخص,"1,540,000,000",1540000000
اوپل آسترا سدان مدل ۲۰۱۴,کارکرده,1400,"1,540,000,000",1540000000
تیگارد X35,صفر کیلومتر,نامشخص,"1,530,000,000",1530000000
رنو ساندرو,صفر کیلومتر,نامشخص,"1,529,000,000",1529000000
کاپرا ۲,صفر کیلومتر,نامشخص,"1,515,000,000",1515000000
یواز پیکاپ,صفر کیلومتر,1400,"1,500,000,000",1500000000
کامیونت شیلر ۶ تن,صفر کیلومتر,1402,"1,500,000,000",1500000000
هونگچی E -QM5,صفر کیلومتر,نامشخص,"1,500,000,000",1500000000
کیا سورنتو مدل ۲۰۰۸-۲۰۰۹,کارکرده,نامشخص,"1,492,000,000",1492000000
ام جی GS,کارکرده,نامشخص,"1,492,000,000",1492000000
هن تنگ X5,کارکرده,نامشخص,"1,492,000,000",1492000000
رنو سفران,کارکرده,نامشخص,"1,492,000,000",1492000000
اس دبلیو ام G01f,صفر کیلومتر,1400,"1,472,000,000",1472000000
سانگ یانگ کوراندو مدل ۲۰۱۵-۲۰۱۷,کارکرده,نامشخص,"1,442,000,000",1442000000
بی ام و X3 مدل ۲۰۰۵-۲۰۱۰,کارکرده,نامشخص,"1,442,000,000",1442000000
پیکاپ زاگرس,صفر کیلومتر,نامشخص,"1,440,000,000",1440000000
رنو تندر ۹۰ پلاس,صفر کیلومتر,1399,"1,437,000,000",1437000000
کیا اپیروس,کارکرده,نامشخص,"1,412,000,000",1412000000
چری تیگو ۷,صفر کیلومتر,نامشخص,"1,410,000,000",1410000000
لیفان x70,صفر کیلومتر,نامشخص,"1,410,000,000",1410000000
کیا کارنیوال,کارکرده,نامشخص,"1,402,000,000",1402000000
زوتی DL5,صفر کیلومتر,2024,"1,400,000,000",1400000000
هاوال H2,صفر کیلومتر,نامشخص,"1,400,000,000",1400000000
ون وانا,صفر کیلومتر,1402,"1,400,000,000",1400000000
کیا سول مدل ۲۰۱۲-۲۰۱۳,کارکرده,نامشخص,"1,395,000,000",1395000000
هیوندای سانتافه مدل ۲۰۰۷-۲۰۱۲,کارکرده,نامشخص,"1,392,000,000",1392000000
کیا ریو صندوقدار مدل ۲۰۱۵-۲۰۱۷,کارکرده,نامشخص,"1,392,000,000",1392000000
کیا ریو هاچبک مدل ۲۰۱۵-۲۰۱۷,کارکرده,نامشخص,"1,392,000,000",1392000000
کی ام سی EJ7,صفر کیلومتر,نامشخص,"1,390,000,000",1390000000
چری آریزو ۵ نیو,صفر کیلومتر,نامشخص,"1,385,000,000",1385000000
بنز C کلاس مدل ۲۰۰۵-۲۰۰۷,کارکرده,نامشخص,"1,372,000,000",1372000000
جک S3,صفر کیلومتر,نامشخص,"1,360,000,000",1360000000
برلیانس H2L ون,کارکرده,1396,"1,350,000,000",1350000000
هیوندای ولستر,کارکرده,نامشخص,"1,342,000,000",1342000000
رنو فلوئنس مدل ۲۰۱۵-۲۰۱۷,کارکرده,2015,"1,342,000,000",1342000000
نیسان مورانو مدل ۲۰۰۸,کارکرده,نامشخص,"1,342,000,000",1342000000
سانگ یانگ اکتیون مدل ۲۰۱۴-۲۰۱۵,کارکرده,نامشخص,"1,342,000,000",1342000000
بی ام و سری ۵ مدل ۲۰۰۵-۲۰۱۰,کارکرده,نامشخص,"1,342,000,000",1342000000
چانگان CS35,صفر کیلومتر,نامشخص,"1,329,000,000",1329000000
تویوتا کمری مدل ۲۰۰۷-۲۰۱۱,کارکرده,نامشخص,"1,312,000,000",1312000000
تویوتا کرولا مدل ۲۰۰۸-۲۰۱۳,کارکرده,نامشخص,"1,302,000,000",1302000000
لونا GRE برقی,صفر کیلومتر,1403,"1,300,000,000",1300000000
ام وی ام X33 کراس,صفر کیلومتر,نامشخص,"1,296,000,000",1296000000
سانگ یانگ کایرون,کارکرده,نامشخص,"1,292,000,000",1292000000
هاوال H6,کارکرده,نامشخص,"1,272,000,000",1272000000
برلیانس H330,صفر کیلومتر,نامشخص,"1,265,000,000",1265000000
رنو اسکالا مدل ۲۰۱۳-۲۰۱۴,کارکرده,2015,"1,262,000,000",1262000000
بستیون NAT,صفر کیلومتر,نامشخص,"1,255,000,000",1255000000
شاهین پلاس,صفر کیلومتر,نامشخص,"1,253,000,000",1253000000
برلیانس H320,صفر کیلومتر,نامشخص,"1,253,000,000",1253000000
کیا سراتو کوپه مدل ۲۰۱۰-۲۰۱۳,کارکرده,نامشخص,"1,252,000,000",1252000000
دنا پلاس توربو اتوماتیک آپشنال,صفر کیلومتر,نامشخص,"1,250,000,000",1250000000
بسترن B30,صفر کیلومتر,1400,"1,248,000,000",1248000000
بی ام و سری ۳ سدان مدل ۲۰۰۷-۲۰۱۱,کارکرده,نامشخص,"1,242,000,000",1242000000
رنو کولیوس مدل ۲۰۱۲-۲۰۱۳,کارکرده,نامشخص,"1,242,000,000",1242000000
کوپا توربو T210,کارکرده,نامشخص,"1,242,000,000",1242000000
میتسوبیشی پاجرو مونتاژ,کارکرده,نامشخص,"1,242,000,000",1242000000
رنو کپچر,کارکرده,نامشخص,"1,242,000,000",1242000000
تارا اتوماتیک,صفر کیلومتر,نامشخص,"1,230,000,000",1230000000
چری آریزو ۵ توربو,صفر کیلومتر,نامشخص,"1,225,000,000",1225000000
کیا اپتیما مدل ۲۰۰۹-۲۰۱۰,کارکرده,نامشخص,"1,222,000,000",1222000000
اوپل آسترا هاچبک,کارکرده,1400,"1,212,000,000",1212000000
تویوتا کمری مدل ۲۰۰۵-۲۰۰۶,کارکرده,2006,"1,212,000,000",1212000000
چری تیگو ۵,صفر کیلومتر,1400,"1,210,000,000",1210000000
رنو پارس تندر,صفر کیلومتر,نامشخص,"1,208,000,000",1208000000
کیا پیکانتو مدل ۲۰۱۶-۲۰۱۷,کارکرده,نامشخص,"1,202,000,000",1202000000
تویوتا یاریس هاچبک مدل ۲۰۱۲-۲۰۱۴,کارکرده,1300,"1,202,000,000",1202000000
چری آریزو ۶,صفر کیلومتر,1400,"1,200,000,000",1200000000
فولکس واگن ترنسپورتر,کارکرده,2004,"1,200,000,000",1200000000
رنو کولیوس مدل ۲۰۱۱-۲۰۱۵,کارکرده,نامشخص,"1,192,000,000",1192000000
رنو فلوئنس,کارکرده,نامشخص,"1,192,000,000",1192000000
رنو کولیوس مدل ۲۰۱۱,کارکرده,نامشخص,"1,192,000,000",1192000000
رنو فلوئنس مدل ۲۰۱۲-۲۰۱۴,کارکرده,2012,"1,192,000,000",1192000000
بایک سنوا,کارکرده,نامشخص,"1,192,000,000",1192000000
پژو ۲۰۷ اتوماتیک سقف شیشه,صفر کیلومتر,نامشخص,"1,188,000,000",1188000000
رنو تندر ۹۰ دنده ای,صفر کیلومتر,1398,"1,183,000,000",1183000000
پیکاپ کارون,صفر کیلومتر,نامشخص,"1,183,000,000",1183000000
رنو داستر,کارکرده,نامشخص,"1,182,000,000",1182000000
رنو اسکالا مدل ۲۰۱۵-۲۰۱۶,کارکرده,نامشخص,"1,172,000,000",1172000000
هیوندای توسان مدل ۲۰۰۷-۲۰۱۰,کارکرده,نامشخص,"1,162,000,000",1162000000
آلفارومئو جولیتا,کارکرده,نامشخص,"1,162,000,000",1162000000
نیسان رونیز,کارکرده,نامشخص,"1,162,000,000",1162000000
کی ام سی ایگل,صفر کیلومتر,نامشخص,"1,160,000,000",1160000000
ام وی ام X22 پرو,صفر کیلومتر,نامشخص,"1,150,000,000",1150000000
میتسوبیشی میراژ مدل ۲۰۱۷-۲۰۱۸,صفر کیلومتر,2018,"1,150,000,000",1150000000
هیوندای i20 مدل ۲۰۱۳-۲۰۱۵,کارکرده,نامشخص,"1,142,000,000",1142000000
رنو اسکالا,کارکرده,نامشخص,"1,142,000,000",1142000000
کیا اسپورتیج مدل ۲۰۰۸-۲۰۱۰,کارکرده,نامشخص,"1,142,000,000",1142000000
مزدا ۳ نیو هاچبک,کارکرده,نامشخص,"1,142,000,000",1142000000
هیوندای آزرا مدل ۲۰۰۶-۲۰۱۱,کارکرده,نامشخص,"1,142,000,000",1142000000
نیسان قشقایی مونتاژ,کارکرده,نامشخص,"1,137,000,000",1137000000
هیوندای سوناتا مدل ۲۰۰۶-۲۰۱۰,کارکرده,نامشخص,"1,112,000,000",1112000000
آلفارومئو میتو,کارکرده,نامشخص,"1,112,000,000",1112000000
هیوندای اکسنت مدل ۲۰۱۴-۲۰۱۷,کارکرده,نامشخص,"1,092,000,000",1092000000
سوزوکی کیزاشی,کارکرده,نامشخص,"1,092,000,000",1092000000
بی ام و سری ۳ سدان مدل ۲۰۰۵-۲۰۰۶,کارکرده,نامشخص,"1,092,000,000",1092000000
دنا پلاس توربو اتوماتیک,صفر کیلومتر,نامشخص,"1,086,000,000",1086000000
پژو ۳۰۱,کارکرده,نامشخص,"1,082,000,000",1082000000
پژو ۲۰۷ اتوماتیک ۶ سرعته,صفر کیلومتر,نامشخص,"1,080,000,000",1080000000
جک J4,صفر کیلومتر,1401,"1,077,000,000",1077000000
کیا سراتو مدل ۲۰۱۰-۲۰۱۳,کارکرده,نامشخص,"1,072,000,000",1072000000
سوزوکی ویتارا ۲.۴ لیتری,کارکرده,نامشخص,"1,052,000,000",1052000000
کیا کارنز مدل ۲۰۰۸-۲۰۱۰,کارکرده,نامشخص,"1,052,000,000",1052000000
ام وی ام X33 S,صفر کیلومتر,1400,"1,050,000,000",1050000000
اوپل کورسا مدل ۲۰۱۳-۲۰۱۴,کارکرده,نامشخص,"1,042,000,000",1042000000
بی وای دی S6,کارکرده,نامشخص,"1,032,000,000",1032000000
سوزوکی ویتارا وارداتی,کارکرده,نامشخص,"1,032,000,000",1032000000
سوزوکی ویتارا مونتاژ,کارکرده,نامشخص,"1,032,000,000",1032000000
پژو پارس LX,صفر کیلومتر,1403,"1,030,000,000",1030000000
وانت کارا,صفر کیلومتر,نامشخص,"1,020,000,000",1020000000
پژو ۲۰۷ سقف فلز,صفر کیلومتر,1402,"1,015,000,000",1015000000
پژو ۲۰۷ صندوقدار,صفر کیلومتر,1399,"1,015,000,000",1015000000
پژو ۲۰۷ اتوماتیک ۴ سرعته,صفر کیلومتر,نامشخص,"1,015,000,000",1015000000
هیوندای i30,کارکرده,نامشخص,"1,012,000,000",1012000000
ام وی ام X33 S اسپرت,صفر کیلومتر,نامشخص,"1,012,000,000",1012000000
نیسان قشقایی,کارکرده,نامشخص,"1,012,000,000",1012000000
پادرا پلاس,صفر کیلومتر,1402,"1,011,000,000",1011000000
ام وی ام X33 S CVT,صفر کیلومتر,1401,"1,005,000,000",1005000000
نیسان سرانزا,کارکرده,نامشخص,"1,002,000,000",1002000000
فوتون تونلند,صفر کیلومتر,نامشخص,"1,000,000,000",1000000000
نیسان نیو پیکاپ,کارکرده,نامشخص,"995,000,000",995000000
کیا سراتو سایپا ۱.۶ لیتری (آپشنال و ساده),کارکرده,نامشخص,"995,000,000",995000000
هیوندای i10,کارکرده,نامشخص,"995,000,000",995000000
پژو پارس سفارشی ELX با موتور TU5,صفر کیلومتر,1401,"988,000,000",988000000
پژو پارس ELX,صفر کیلومتر,نامشخص,"988,000,000",988000000
سوبارو فارستر,کارکرده,نامشخص,"985,000,000",985000000
هایما S7,کارکرده,نامشخص,"985,000,000",985000000
ام وی ام x55,صفر کیلومتر,نامشخص,"985,000,000",985000000
دنا پلاس توربو ۶ دنده دستی,صفر کیلومتر,نامشخص,"982,000,000",982000000
شاهین اتوماتیک CVT,صفر کیلومتر,نامشخص,"981,500,000",981500000
گک گونو GX5,کارکرده,نامشخص,"975,000,000",975000000
سیتروئن C5 مدل ۲۰۰۸-۲۰۱۲,کارکرده,نامشخص,"965,000,000",965000000
ام جی GT,کارکرده,نامشخص,"965,000,000",965000000
نیسان وانت زامیاد دیزلی,صفر کیلومتر,نامشخص,"964,000,000",964000000
پژو پارس LX سفارشی TU5,صفر کیلومتر,نامشخص,"963,000,000",963000000
دنا پلاس توربو ۵ دنده دستی,صفر کیلومتر,نامشخص,"957,000,000",957000000
دنا پلاس توربو,صفر کیلومتر,1401,"957,000,000",957000000
پژو پارس سال سفارشی ELX با موتور XU7P,صفر کیلومتر,نامشخص,"950,000,000",950000000
آریو S300,صفر کیلومتر,1400,"950,000,000",950000000
سانگ یانگ اکتیون,کارکرده,نامشخص,"945,000,000",945000000
بیسو T3,کارکرده,نامشخص,"945,000,000",945000000
سانگ یانگ اکتیون مدل ۲۰۱۰-۲۰۱۳,کارکرده,نامشخص,"945,000,000",945000000
ب ام و سری ۱ هاچبک مدل ۲۰۰۷-۲۰۱۱,کارکرده,نامشخص,"945,000,000",945000000
ام جی ۳۶۰,کارکرده,نامشخص,"935,000,000",935000000
کیا پیکانتو مدل ۲۰۱۲-۲۰۱۷,کارکرده,نامشخص,"935,000,000",935000000
کیا پیکانتو مدل ۲۰۱۲-۲۰۱۵,کارکرده,نامشخص,"935,000,000",935000000
تارا,صفر کیلومتر,نامشخص,"926,000,000",926000000
هیوندای i20 مدل ۲۰۱۱-۲۰۱۲,کارکرده,نامشخص,"925,000,000",925000000
گک ترامپچی GA3S,کارکرده,نامشخص,"925,000,000",925000000
سورن پلاس دوگانه سوز,صفر کیلومتر,نامشخص,"924,000,000",924000000
برلیانس C3 کراس ۱.۶۵,صفر کیلومتر,1399,"920,000,000",920000000
شاهین,صفر کیلومتر,نامشخص,"918,000,000",918000000
سوزوکی ویتارا ۲ لیتری,کارکرده,نامشخص,"910,000,000",910000000
پژو ۲۰۷ دنده ای,صفر کیلومتر,نامشخص,"905,000,000",905000000
پژو ۲۰۷ MC,صفر کیلومتر,نامشخص,"905,000,000",905000000
ون اینرودز c35,صفر کیلومتر,نامشخص,"903,000,000",903000000
پژو پارس سال XU7P,صفر کیلومتر,نامشخص,"900,000,000",900000000
گک گونو ترامپچی GS5,کارکرده,2015,"900,000,000",900000000
لیفان ۸۲۰,کارکرده,نامشخص,"895,000,000",895000000
بنز B کلاس,کارکرده,نامشخص,"895,000,000",895000000
سورن پلاس,صفر کیلومتر,نامشخص,"888,000,000",888000000
سورن پلاس EF7 بنزینی,صفر کیلومتر,نامشخص,"888,000,000",888000000
پژو پارس سال سفارشی XU7P,صفر کیلومتر,نامشخص,"887,000,000",887000000
دنا پلاس,صفر کیلومتر,1401,"886,000,000",886000000
ام وی ام X22,صفر کیلومتر,1402,"882,000,000",882000000
تویوتا یاریس هاچبک مدل ۲۰۰۸-۲۰۰۹,کارکرده,1300,"875,000,000",875000000
تویوتا یاریس سدان مدل ۲۰۰۸-۲۰۱۰,کارکرده,1300,"875,000,000",875000000
ام جی ۶,کارکرده,نامشخص,"875,000,000",875000000
رنو سیمبل,کارکرده,نامشخص,"875,000,000",875000000
پژو ۲۰۷ هاچبک دنده ای سقف شیشه,صفر کیلومتر,1402,"859,000,000",859000000
پژو ۲۰۷ سقف شیشه,صفر کیلومتر,1402,"859,000,000",859000000
سانگ یانگ کوراندو دو در (بن رو),کارکرده,نامشخص,"855,000,000",855000000
لندمارک V7,کارکرده,نامشخص,"855,000,000",855000000
نیسان وانت زامیاد دوگانه سوز,صفر کیلومتر,نامشخص,"853,000,000",853000000
ون ایویکو,کارکرده,1391,"850,000,000",850000000
پاژن هرور,کارکرده,1393,"850,000,000",850000000
جیلی امگرند X7,کارکرده,نامشخص,"845,000,000",845000000
بنز A کلاس,کارکرده,نامشخص,"845,000,000",845000000
نیسان ماکسیما,کارکرده,نامشخص,"825,000,000",825000000
نیسان وانت زامیاد بنزینی,صفر کیلومتر,نامشخص,"806,000,000",806000000
نیسان وانت زامیاد,صفر کیلومتر,نامشخص,"806,000,000",806000000
پژو پارس دوگانه سوز,صفر کیلومتر,نامشخص,"806,000,000",806000000
دانگ فنگ H30 کراس,صفر کیلومتر,نامشخص,"800,000,000",800000000
دنا,صفر کیلومتر,نامشخص,"797,000,000",797000000
سانگ یانگ چیرمن,کارکرده,نامشخص,"795,000,000",795000000
هیوندای کوپه,کارکرده,نامشخص,"795,000,000",795000000
سوبارو لگاسی,کارکرده,نامشخص,"795,000,000",795000000
سمند LX EF7 پایه گازسوز,صفر کیلومتر,نامشخص,"791,000,000",791000000
پژو ۲۰۷ موتور TU3,صفر کیلومتر,نامشخص,"790,000,000",790000000
رانا پلاس سقف شیشه,صفر کیلومتر,نامشخص,"787,000,000",787000000
پژو ۲۰۷ تیپ ۵,صفر کیلومتر,نامشخص,"786,000,000",786000000
بسترن B50F,کارکرده,نامشخص,"785,000,000",785000000
پیکاپ ریچ,کارکرده,نامشخص,"785,000,000",785000000
سورن پلاس XU7P,صفر کیلومتر,نامشخص,"783,000,000",783000000
کیا سراتو مدل ۲۰۰۸-۲۰۰۹,کارکرده,نامشخص,"775,000,000",775000000
لوکسژن U6,صفر کیلومتر,1400,"770,000,000",770000000
برلیانس V5,کارکرده,نامشخص,"765,000,000",765000000
پژو ۲۰۶ صندوقدار V8,صفر کیلومتر,1400,"762,000,000",762000000
پژو ۲۰۶ صندوقدار,صفر کیلومتر,نامشخص,"762,000,000",762000000
سمند LX EF7 بنزینی,صفر کیلومتر,نامشخص,"754,000,000",754000000
گک گونو G5,کارکرده,2013,"750,000,000",750000000
پژو پارس سال,صفر کیلومتر,1403,"747,000,000",747000000
مزدا ۲,کارکرده,نامشخص,"747,000,000",747000000
پژو پارس سال معمولی XU7,صفر کیلومتر,نامشخص,"747,000,000",747000000
چانگان ایدو,کارکرده,نامشخص,"747,000,000",747000000
پژو ۴۰۷,کارکرده,نامشخص,"737,000,000",737000000
دانگ فنگ S30,کارکرده,نامشخص,"732,000,000",732000000
بی وای دی F3,کارکرده,نامشخص,"732,000,000",732000000
سمند LX,صفر کیلومتر,نامشخص,"731,000,000",731000000
سمند LX XU7,صفر کیلومتر,نامشخص,"731,000,000",731000000
گریت وال وینگل ۵,کارکرده,نامشخص,"727,000,000",727000000
میتسوبیشی میراژ,کارکرده,نامشخص,"727,000,000",727000000
میتسوبیشی میراژ مدل ۲۰۱۵-۲۰۱۶,کارکرده,نامشخص,"727,000,000",727000000
پژو ۴۰۵ SLX,صفر کیلومتر,1400,"726,000,000",726000000
پژو ۲۰۶ تیپ ۵,صفر کیلومتر,1381,"726,000,000",726000000
نیسان پیکاپ,کارکرده,نامشخص,"717,000,000",717000000
هیوندای آوانته,کارکرده,نامشخص,"717,000,000",717000000
پژو ۴۰۵ GLX دوگانه سوز,صفر کیلومتر,1389,"716,000,000",716000000
رانا پلاس,صفر کیلومتر,1402,"714,000,000",714000000
تویوتا کرولا مدل ۲۰۰۵-۲۰۰۷,کارکرده,نامشخص,"707,000,000",707000000
پژو ۲۰۶ تیپ ۳ سقف شیشه ای پانوراما,صفر کیلومتر,نامشخص,"705,000,000",705000000
ام وی ام ۳۱۵ پلاس,صفر کیلومتر,1400,"700,000,000",700000000
ام جی ۵۵۰,کارکرده,نامشخص,"698,000,000",698000000
چری آریزو ۵,کارکرده,نامشخص,"697,000,000",697000000
پژو ۴۰۵ GLX بنزینی,صفر کیلومتر,نامشخص,"696,000,000",696000000
پژو ۴۰۵ GLX,صفر کیلومتر,نامشخص,"696,000,000",696000000
بسترن B50,کارکرده,نامشخص,"687,000,000",687000000
مزدا ۳,کارکرده,نامشخص,"687,000,000",687000000
بایک X25,صفر کیلومتر,1400,"677,000,000",677000000
برلیانس C3 کراس ۱.۵,کارکرده,نامشخص,"667,000,000",667000000
برلیانس C3 کراس,کارکرده,نامشخص,"667,000,000",667000000
پژو ۲۰۶,صفر کیلومتر,نامشخص,"662,000,000",662000000
پژو ۲۰۶ تیپ ۲,صفر کیلومتر,نامشخص,"662,000,000",662000000
ساینا S اتوماتیک,صفر کیلومتر,نامشخص,"660,000,000",660000000
ام وی ام X33 جدید,کارکرده,نامشخص,"657,000,000",657000000
رنو تندر ۹۰ اتوماتیک,کارکرده,نامشخص,"652,000,000",652000000
ساینا S دوگانه سوز,صفر کیلومتر,نامشخص,"651,000,000",651000000
شورولت کامارو,کارکرده,نامشخص,"650,000,000",650000000
آریسان ۲,صفر کیلومتر,نامشخص,"650,000,000",650000000
سهند,صفر کیلومتر,نامشخص,"649,000,000",649000000
اطلس,صفر کیلومتر,نامشخص,"649,000,000",649000000
هاوال M4,کارکرده,نامشخص,"647,000,000",647000000
ام جی ۳۵۰,کارکرده,نامشخص,"647,000,000",647000000
سانگ یانگ موسو,کارکرده,نامشخص,"647,000,000",647000000
جیلی GC6 فیس جدید,صفر کیلومتر,1398,"640,000,000",640000000
ساینا GX,صفر کیلومتر,نامشخص,"630,000,000",630000000
سیتروئن C5 مدل ۲۰۰۵-۲۰۰۷,کارکرده,نامشخص,"617,000,000",617000000
بنز ون mb140,کارکرده,1380,"600,000,000",600000000
ام جی ۳,کارکرده,نامشخص,"597,000,000",597000000
رانا,صفر کیلومتر,1402,"570,000,000",570000000
برلیانس H230,صفر کیلومتر,1399,"570,000,000",570000000
رانا معمولی,صفر کیلومتر,نامشخص,"570,000,000",570000000
جیلی GC6,کارکرده,نامشخص,"567,000,000",567000000
جیلی GC6 فیس قدیم,کارکرده,1396,"567,000,000",567000000
کاپرا,کارکرده,نامشخص,"567,000,000",567000000
کوییک GXR,صفر کیلومتر,نامشخص,"566,000,000",566000000
کوییک GX,صفر کیلومتر,نامشخص,"559,000,000",559000000
جیلی امگرند ۷,کارکرده,نامشخص,"547,000,000",547000000
جیلی EC7-RV,کارکرده,نامشخص,"547,000,000",547000000
کوییک SR,صفر کیلومتر,نامشخص,"540,000,000",540000000
ساینا S دنده ای,صفر کیلومتر,نامشخص,"537,000,000",537000000
رنو مگان مونتاژ,کارکرده,نامشخص,"537,000,000",537000000
کوییک R پلاس اتوماتیک,صفر کیلومتر,نامشخص,"536,000,000",536000000
ساینا S,صفر کیلومتر,نامشخص,"535,000,000",535000000
پاژن دوکابین مدل ۸۵-۹۰,کارکرده,1384,"532,000,000",532000000
پاژن دوکابین,کارکرده,نامشخص,"532,000,000",532000000
جک J5,کارکرده,نامشخص,"527,000,000",527000000
رنو تندر پیکاپ,کارکرده,نامشخص,"527,000,000",527000000
رنو مگان وارداتی,کارکرده,نامشخص,"527,000,000",527000000
ساینا,صفر کیلومتر,1401,"513,000,000",513000000
کوییک S,صفر کیلومتر,نامشخص,"499,000,000",499000000
کوییک r,صفر کیلومتر,نامشخص,"497,000,000",497000000
کوییک,صفر کیلومتر,نامشخص,"495,000,000",495000000
لیفان X60,کارکرده,نامشخص,"488,000,000",488000000
تیبا هاچبک,صفر کیلومتر,1401,"487,000,000",487000000
تیبا ۲,صفر کیلومتر,1401,"487,000,000",487000000
تیبا صندوقدار بنزینی,صفر کیلومتر,1401,"482,000,000",482000000
تیبا صندوقدار,صفر کیلومتر,1401,"482,000,000",482000000
تیبا ۲ پلاس,صفر کیلومتر,1400,"482,000,000",482000000
گریت وال ولکس C30,کارکرده,نامشخص,"478,000,000",478000000
ام وی ام X33,کارکرده,نامشخص,"473,000,000",473000000
برلیانس H220,کارکرده,نامشخص,"473,000,000",473000000
ام وی ام ۵۵۰,کارکرده,نامشخص,"473,000,000",473000000
هیوندای ورنا,کارکرده,نامشخص,"468,000,000",468000000
پژو ۲۰۷ فیس قدیم,کارکرده,نامشخص,"463,000,000",463000000
پراید ۱۵۱,صفر کیلومتر,1401,"458,000,000",458000000
بایک سابرینا هاچبک,کارکرده,نامشخص,"458,000,000",458000000
پراید وانت,صفر کیلومتر,1401,"458,000,000",458000000
سورن ELX توربو,کارکرده,نامشخص,"452,000,000",452000000
شورولت بلیزر,کارکرده,نامشخص,"450,000,000",450000000
پژو پارس ELX XUM,کارکرده,نامشخص,"448,000,000",448000000
پراید ۱۱۱,صفر کیلومتر,نامشخص,"437,000,000",437000000
لیفان X50,کارکرده,نامشخص,"418,000,000",418000000
پراید ۱۵۱ آپشنال,صفر کیلومتر,1400,"417,000,000",417000000
پراید ۱۳۱ بنزینی,صفر کیلومتر,نامشخص,"410,000,000",410000000
پراید ۱۳۱,صفر کیلومتر,نامشخص,"410,000,000",410000000
ام وی ام ۳۱۵ صندوقدار,کارکرده,نامشخص,"408,000,000",408000000
ام وی ام ۳۱۵ جدید,کارکرده,نامشخص,"408,000,000",408000000
پاژن چهار در,کارکرده,1376,"400,000,000",400000000
شورولت ایمپالا,کارکرده,نامشخص,"400,000,000",400000000
فولکس واگن کدی,کارکرده,2007,"400,000,000",400000000
فاو ولا V5,کارکرده,نامشخص,"398,000,000",398000000
پراید,صفر کیلومتر,1411,"390,000,000",390000000
نیسان پاترول چهار در,کارکرده,1377,"388,000,000",388000000
مزدا ۳۲۳,کارکرده,نامشخص,"373,000,000",373000000
رنو تندر ۹۰ پارس خودرو,کارکرده,نامشخص,"373,000,000",373000000
پژو پارس اتوماتیک,صفر کیلومتر,نامشخص,"368,000,000",368000000
رنو تندر ۹۰ ایران خودرو,کارکرده,نامشخص,"368,000,000",368000000
تیبا صندوقدار پلاس,صفر کیلومتر,نامشخص,"365,000,000",365000000
بی وای دی F3 اتوماتیک,صفر کیلومتر,1397,"350,000,000",350000000
پروتون ایمپیان,کارکرده,نامشخص,"348,000,000",348000000
ساینا پلاس,صفر کیلومتر,1400,"345,000,000",345000000
نیسان پاترول دو در,کارکرده,نامشخص,"343,000,000",343000000
پژو ۲۰۶ صندوقدار V6,کارکرده,نامشخص,"338,000,000",338000000
سورن ELX,کارکرده,نامشخص,"333,000,000",333000000
سیتروئن زانتیا ۲ لیتری,کارکرده,نامشخص,"333,000,000",333000000
ام وی ام ۳۱۵,کارکرده,نامشخص,"328,000,000",328000000
ام وی ام ۳۱۵ مدل ۱۳۹۱-۱۳۹۳,کارکرده,نامشخص,"328,000,000",328000000
ام وی ام ۵۳۰,کارکرده,نامشخص,"323,000,000",323000000
سیتروئن زانتیا ۱.۸ لیتری,کارکرده,نامشخص,"318,000,000",318000000
سیتروئن زانتیا,کارکرده,نامشخص,"318,000,000",318000000
پژو پارس ELX موتور زانتیا,کارکرده,نامشخص,"313,000,000",313000000
کیا ریو مونتاژ,کارکرده,نامشخص,"308,000,000",308000000
پژو ۲۰۶ تیپ ۶ اتوماتیک,کارکرده,نامشخص,"298,000,000",298000000
رنو تندر۹۰ استیشن,کارکرده,نامشخص,"290,000,000",290000000
وانت پادرا,کارکرده,1396,"290,000,000",290000000
پژو ۲۰۶ صندوقدار V19,کارکرده,نامشخص,"288,000,000",288000000
فولکس واگن گل,کارکرده,نامشخص,"283,000,000",283000000
الدزمبیل کاتلاس,کارکرده,نامشخص,"280,000,000",280000000
کادیلاک سویل,کارکرده,نامشخص,"280,000,000",280000000
هوندا سیویک مدل ۱۹۹۲-۱۹۹۴,کارکرده,نامشخص,"270,000,000",270000000
سمند سریر,کارکرده,نامشخص,"268,000,000",268000000
آریسان,کارکرده,نامشخص,"268,000,000",268000000
سمند SE,کارکرده,نامشخص,"268,000,000",268000000
جک J3 سدان,کارکرده,نامشخص,"263,000,000",263000000
جک J3 هاچبک,کارکرده,نامشخص,"263,000,000",263000000
سورن,کارکرده,نامشخص,"263,000,000",263000000
تیبا صندوقدار دوگانه سوز,کارکرده,نامشخص,"263,000,000",263000000
ام وی ام  ۱۱۰S,کارکرده,نامشخص,"258,000,000",258000000
لیفان ۶۲۰,کارکرده,نامشخص,"258,000,000",258000000
پژو ۲۰۶ صندوقدار v2 دوگانه سوز,کارکرده,1386,"242,000,000",242000000
پژو ۲۰۶ صندوقدار V9 اتوماتیک,کارکرده,1386,"230,000,000",230000000
فیات سی ینا,کارکرده,نامشخص,"229,000,000",229000000
پروتون GEN2,کارکرده,نامشخص,"229,000,000",229000000
پژو ۲۰۶ صندوقدار V20,کارکرده,1386,"228,000,000",228000000
پژو ۴۰۵ GLI,کارکرده,نامشخص,"225,000,000",225000000
پراید ۱۳۲,کارکرده,نامشخص,"223,000,000",223000000
میتسوبیشی وانت L200,کارکرده,نامشخص,"220,000,000",220000000
سورن معمولی,کارکرده,نامشخص,"219,000,000",219000000
لیفان ۵۲۰,کارکرده,نامشخص,"219,000,000",219000000
لیفان ۵۲۰i,کارکرده,نامشخص,"219,000,000",219000000
دوو سیلو,کارکرده,نامشخص,"219,000,000",219000000
پژو ۲۰۶ صندوقدار V10,کارکرده,1387,"210,000,000",210000000
پژو ۲۰۶ صندوقدار V1,کارکرده,1386,"200,000,000",200000000
فولکس واگن بیتل مدل ۱۹۵۶-۱۹۷۶,کارکرده,نامشخص,"200,000,000",200000000
چری A15,کارکرده,نامشخص,"199,000,000",199000000
پژو روآ G2,کارکرده,نامشخص,"196,000,000",196000000
ون دلیکا,کارکرده,1385,"190,000,000",190000000
ون نارون,کارکرده,1386,"190,000,000",190000000
پراید هاچبک (نسیم),کارکرده,نامشخص,"189,000,000",189000000
پراید ۱۴۱,کارکرده,نامشخص,"189,000,000",189000000
پراید صبا,کارکرده,نامشخص,"184,000,000",184000000
بیوک b3,کارکرده,نامشخص,"180,000,000",180000000
سمند EL,کارکرده,نامشخص,"179,000,000",179000000
سمند معمولی,کارکرده,نامشخص,"174,000,000",174000000
سمند X7,کارکرده,نامشخص,"174,000,000",174000000
دوو ماتیز,کارکرده,نامشخص,"169,000,000",169000000
پراید ۱۳۲ بنزینی,کارکرده,نامشخص,"168,000,000",168000000
پژو روآ Roa,کارکرده,نامشخص,"167,000,000",167000000
پژو ۲۰۶ تیپ ۳,کارکرده,1382,"160,000,000",160000000
پژو ۲۰۶ تیپ ۴,کارکرده,1381,"160,000,000",160000000
جیپ آهو,کارکرده,1352,"160,000,000",160000000
ام وی ام ۱۱۰,کارکرده,نامشخص,"159,000,000",159000000
ام وی ام  ۱۱۰ چهار سیلندر,کارکرده,نامشخص,"159,000,000",159000000
پژو Rdi,کارکرده,نامشخص,"147,000,000",147000000
پراید ۱۳۲ دوگانه سوز,کارکرده,1387,"140,000,000",140000000
پژو RD,کارکرده,نامشخص,"137,000,000",137000000
پاژن دو در,کارکرده,1374,"130,000,000",130000000
جیپ km,کارکرده,نامشخص,"130,000,000",130000000
ون کاروان سایپا,کارکرده,1380,"130,000,000",130000000
پراید ۱۳۱ دوگانه سوز,کارکرده,1390,"130,000,000",130000000
پژو ۲۰۶ تیپ ۱,کارکرده,1380,"130,000,000",130000000
اوپل وکترا مدل ۱۹۹۴,کارکرده,نامشخص,"130,000,000",130000000
شورولت نوا,کارکرده,1357,"120,000,000",120000000
جیپ صحرا,کارکرده,1367,"110,000,000",110000000
پیکان وانت,کارکرده,نامشخص,"109,000,000",109000000
هافی لوبو,کارکرده,نامشخص,"101,000,000",101000000
جیپ شهباز,کارکرده,1353,"100,000,000",100000000
فولکس واگن گلف,کارکرده,نامشخص,"100,000,000",100000000
پژو ۲۰۵,کارکرده,1374,"100,000,000",100000000
اوپل آسترا سدان مدل ۱۹۹۴,کارکرده,نامشخص,"100,000,000",100000000
میتسوبیشی لنسر  مدل ۱۹۹۲-۱۹۹۳,کارکرده,نامشخص,"90,000,000",90000000
رنو پی کی,کارکرده,نامشخص,"90,000,000",90000000
اوپل کورسا مدل ۱۹۹۴,کارکرده,نامشخص,"80,000,000",80000000
دوو ریسر,کارکرده,نامشخص,"80,000,000",80000000
پژو ۵۰۴,کارکرده,نامشخص,"70,000,000",70000000
پژو روآ دوگانه سوز,کارکرده,1384,"70,000,000",70000000
پروتون ویرا,کارکرده,نامشخص,"64,000,000",64000000
پیکان,کارکرده,نامشخص,"61,000,000",61000000
پژو اردی دوگانه سوز,کارکرده,1379,"60,000,000",60000000
دوو اسپرو,کارکرده,نامشخص,"60,000,000",60000000
رنو ۵,کارکرده,1357,"50,000,000",50000000
پیکان دوگانه سوز,کارکرده,نامشخص,"45,000,000",45000000
سیتروئن ژیان,کارکرده,1352,"45,000,000",45000000
